Time,Source,Destination,Device,Command,Status,Argument 0,Argument 1,Argument 2,Explanations,Byte Code
,,,,,,,,,,--
4.908 seconds,Host Frame,Node 1,DEVICE_motor,COMMAND_movrel,--,arg[0]: 766D6772 ,arg[1]: 000003E8 ,arg[2]: 00000000 ,Host Frame sent movrel motor command to Node  with arguments rgmv 1000.,"['0xc3', '0xaa', '0x01', '0x00', '0x01', '0x03', '0x22', '0x72', '0x67', '0x6d', '0x76', '0xe8', '0x03', '0x00', '0x00', '0x00', '0x00', '0x00', '0x00', '0x02', '0x00', '0x00', '0x00', '0x00', '0x00', '0x00', '0x00', '0x00', '0x00', '0x00', '0x00', '0x00', '0x00', '0x00', '0x03', '0x00', '0x00', '0x00', '0x00', '0x00', '0x00', '0x00', '0x00', '0x00', '0x00', '0x00', '0x00', '0x00', '0x00', '0x04', '0x00', '0x00', '0x00', '0x00', '0x00', '0x00', '0x00', '0x00', '0x00', '0x00', '0x00', '0x00', '0x00', '0x00', '0x05', '0x00', '0x00', '0x00', '0x00', '0x00', '0x00', '0x00', '0x00', '0x00', '0x00', '0x00', '0x00', '0x00', '0x00', '0x06', '0x00', '0x00', '0x00', '0x00', '0x00', '0x00', '0x00', '0x00', '0x00', '0x00', '0x00', '0x00', '0x00', '0x00', '0x07', '0x00', '0x00', '0x00', '0x00', '0x00', '0x00', '0x00', '0x00', '0x00', '0x00', '0x00', '0x00', '0x00', '0x00', '0x10', '0x34']"
,,,,,,,,,,--
5.000 seconds,Node 1,Host Frame,DEVICE_motor,COMMAND_movrel,STATUS_Success,data[0]: 00000000 ,data[1]: 00000000 ,data[2]: 00000000 ,,"['0x01', '0x00', '0x00', '0x00', '0x00', '0x00', '0x00', '0x00', '0x00', '0x00', '0x00', '0x00', '0x00', '0x00', '0x00', '0x00', '0x3d', '0x7e']"
,,,,,,,,,,--
5.074 seconds,Host Frame,Node 1,DEVICE_motor,COMMAND_ack_completion,--,arg[0]: 00000001 ,arg[1]: 00000000 ,arg[2]: 00000000 ,Host Frame sent ack_completion motor command to Node  with no arguments.,"['0xc3', '0xaa', '0x00', '0x00', '0x01', '0x03', '0xf0', '0x01', '0x00', '0x00', '0x00', '0x00', '0x00', '0x00', '0x00', '0x00', '0x00', '0x00', '0x00', '0x02', '0x00', '0x00', '0x00', '0x00', '0x00', '0x00', '0x00', '0x00', '0x00', '0x00', '0x00', '0x00', '0x00', '0x00', '0x03', '0x00', '0x00', '0x00', '0x00', '0x00', '0x00', '0x00', '0x00', '0x00', '0x00', '0x00', '0x00', '0x00', '0x00', '0x04', '0x00', '0x00', '0x00', '0x00', '0x00', '0x00', '0x00', '0x00', '0x00', '0x00', '0x00', '0x00', '0x00', '0x00', '0x05', '0x00', '0x00', '0x00', '0x00', '0x00', '0x00', '0x00', '0x00', '0x00', '0x00', '0x00', '0x00', '0x00', '0x00', '0x06', '0x00', '0x00', '0x00', '0x00', '0x00', '0x00', '0x00', '0x00', '0x00', '0x00', '0x00', '0x00', '0x00', '0x00', '0x07', '0x00', '0x00', '0x00', '0x00', '0x00', '0x00', '0x00', '0x00', '0x00', '0x00', '0x00', '0x00', '0x00', '0x00', '0x50', '0xec']"
,,,,,,,,,,--
5.087 seconds,Node 1,Host Frame,DEVICE_motor,COMMAND_ack_completion,STATUS_Success,data[0]: 0003E800 ,data[1]: 00043300 ,data[2]: 00000100 ,,"['0x01', '0x01', '0x00', '0x00', '0xe8', '0x03', '0x00', '0x00', '0x33', '0x04', '0x00', '0x00', '0x01', '0x00', '0x00', '0x00', '0x09', '0x93']"
,,,,,,,,,,--
8.388 seconds,Host Frame,Node 1,DEVICE_motor,COMMAND_movrel,--,arg[0]: 766D6772 ,arg[1]: 000003E8 ,arg[2]: 00000000 ,Host Frame sent movrel motor command to Node  with arguments rgmv 1000.,"['0xc3', '0xaa', '0x02', '0x00', '0x01', '0x03', '0x22', '0x72', '0x67', '0x6d', '0x76', '0xe8', '0x03', '0x00', '0x00', '0x00', '0x00', '0x00', '0x00', '0x02', '0x00', '0x00', '0x00', '0x00', '0x00', '0x00', '0x00', '0x00', '0x00', '0x00', '0x00', '0x00', '0x00', '0x00', '0x03', '0x00', '0x00', '0x00', '0x00', '0x00', '0x00', '0x00', '0x00', '0x00', '0x00', '0x00', '0x00', '0x00', '0x00', '0x04', '0x00', '0x00', '0x00', '0x00', '0x00', '0x00', '0x00', '0x00', '0x00', '0x00', '0x00', '0x00', '0x00', '0x00', '0x05', '0x00', '0x00', '0x00', '0x00', '0x00', '0x00', '0x00', '0x00', '0x00', '0x00', '0x00', '0x00', '0x00', '0x00', '0x06', '0x00', '0x00', '0x00', '0x00', '0x00', '0x00', '0x00', '0x00', '0x00', '0x00', '0x00', '0x00', '0x00', '0x00', '0x07', '0x00', '0x00', '0x00', '0x00', '0x00', '0x00', '0x00', '0x00', '0x00', '0x00', '0x00', '0x00', '0x00', '0x00', '0x44', '0xc3']"
,,,,,,,,,,--
8.447 seconds,Node 1,Host Frame,DEVICE_motor,COMMAND_movrel,STATUS_Success,data[0]: 00000000 ,data[1]: 00000000 ,data[2]: 00000000 ,,"['0x01', '0x00', '0x00', '0x00', '0x00', '0x00', '0x00', '0x00', '0x00', '0x00', '0x00', '0x00', '0x00', '0x00', '0x00', '0x00', '0x3d', '0x7e']"
,,,,,,,,,,--
8.524 seconds,Host Frame,Node 1,DEVICE_motor,COMMAND_ack_completion,--,arg[0]: 00000002 ,arg[1]: 00000000 ,arg[2]: 00000000 ,Host Frame sent ack_completion motor command to Node  with no arguments.,"['0xc3', '0xaa', '0x00', '0x00', '0x01', '0x03', '0xf0', '0x02', '0x00', '0x00', '0x00', '0x00', '0x00', '0x00', '0x00', '0x00', '0x00', '0x00', '0x00', '0x02', '0x00', '0x00', '0x00', '0x00', '0x00', '0x00', '0x00', '0x00', '0x00', '0x00', '0x00', '0x00', '0x00', '0x00', '0x03', '0x00', '0x00', '0x00', '0x00', '0x00', '0x00', '0x00', '0x00', '0x00', '0x00', '0x00', '0x00', '0x00', '0x00', '0x04', '0x00', '0x00', '0x00', '0x00', '0x00', '0x00', '0x00', '0x00', '0x00', '0x00', '0x00', '0x00', '0x00', '0x00', '0x05', '0x00', '0x00', '0x00', '0x00', '0x00', '0x00', '0x00', '0x00', '0x00', '0x00', '0x00', '0x00', '0x00', '0x00', '0x06', '0x00', '0x00', '0x00', '0x00', '0x00', '0x00', '0x00', '0x00', '0x00', '0x00', '0x00', '0x00', '0x00', '0x00', '0x07', '0x00', '0x00', '0x00', '0x00', '0x00', '0x00', '0x00', '0x00', '0x00', '0x00', '0x00', '0x00', '0x00', '0x00', '0xd1', '0x0b']"
,,,,,,,,,,--
8.534 seconds,Node 1,Host Frame,DEVICE_motor,COMMAND_ack_completion,STATUS_Success,data[0]: 0007D000 ,data[1]: 00080000 ,data[2]: 00000100 ,,"['0x01', '0x02', '0x00', '0x00', '0xd0', '0x07', '0x00', '0x00', '0x00', '0x08', '0x00', '0x00', '0x01', '0x00', '0x00', '0x00', '0xf1', '0xbf']"
,,,,,,,,,,--
22.81 seconds,Host Frame,Node 1,--,COMMAND_status_get,--,arg[0]: 00000000 ,arg[1]: 00000000 ,arg[2]: 00000000 ,Host Frame sent status_get  command to Node  with no arguments.,"['0xc3', '0xaa', '0x00', '0x00', '0x01', '0x00', '0x00', '0x00', '0x00', '0x00', '0x00', '0x00', '0x00', '0x00', '0x00', '0x00', '0x00', '0x00', '0x00', '0x02', '0x00', '0x00', '0x00', '0x00', '0x00', '0x00', '0x00', '0x00', '0x00', '0x00', '0x00', '0x00', '0x00', '0x00', '0x03', '0x00', '0x00', '0x00', '0x00', '0x00', '0x00', '0x00', '0x00', '0x00', '0x00', '0x00', '0x00', '0x00', '0x00', '0x04', '0x00', '0x00', '0x00', '0x00', '0x00', '0x00', '0x00', '0x00', '0x00', '0x00', '0x00', '0x00', '0x00', '0x00', '0x05', '0x00', '0x00', '0x00', '0x00', '0x00', '0x00', '0x00', '0x00', '0x00', '0x00', '0x00', '0x00', '0x00', '0x00', '0x06', '0x00', '0x00', '0x00', '0x00', '0x00', '0x00', '0x00', '0x00', '0x00', '0x00', '0x00', '0x00', '0x00', '0x00', '0x07', '0x00', '0x00', '0x00', '0x00', '0x00', '0x00', '0x00', '0x00', '0x00', '0x00', '0x00', '0x00', '0x00', '0x00', '0x0f', '0x87']"
,,,,,,,,,,--
22.93 seconds,Node 1,Host Frame,--,COMMAND_status_get,STATUS_Success,data[0]: 00000000 ,data[1]: 00000000 ,data[2]: 00000000 ,,"['0x01', '0x00', '0x00', '0x00', '0x00', '0x00', '0x00', '0x00', '0x00', '0x00', '0x00', '0x00', '0x00', '0x00', '0x00', '0x00', '0x3d', '0x7e']"
,,,,,,,,,,--
22.94 seconds,Host Frame,Node 2,--,COMMAND_status_get,--,arg[0]: 00000000 ,arg[1]: 00000000 ,arg[2]: 00000000 ,Host Frame sent status_get  command to Node  with no arguments.,"['0xc3', '0xaa', '0x00', '0x00', '0x01', '0x00', '0x00', '0x00', '0x00', '0x00', '0x00', '0x00', '0x00', '0x00', '0x00', '0x00', '0x00', '0x00', '0x00', '0x02', '0x00', '0x00', '0x00', '0x00', '0x00', '0x00', '0x00', '0x00', '0x00', '0x00', '0x00', '0x00', '0x00', '0x00', '0x03', '0x00', '0x00', '0x00', '0x00', '0x00', '0x00', '0x00', '0x00', '0x00', '0x00', '0x00', '0x00', '0x00', '0x00', '0x04', '0x00', '0x00', '0x00', '0x00', '0x00', '0x00', '0x00', '0x00', '0x00', '0x00', '0x00', '0x00', '0x00', '0x00', '0x05', '0x00', '0x00', '0x00', '0x00', '0x00', '0x00', '0x00', '0x00', '0x00', '0x00', '0x00', '0x00', '0x00', '0x00', '0x06', '0x00', '0x00', '0x00', '0x00', '0x00', '0x00', '0x00', '0x00', '0x00', '0x00', '0x00', '0x00', '0x00', '0x00', '0x07', '0x00', '0x00', '0x00', '0x00', '0x00', '0x00', '0x00', '0x00', '0x00', '0x00', '0x00', '0x00', '0x00', '0x00', '0x0f', '0x87']"
,,,,,,,,,,--
23.18 seconds,Node 2,Host Frame,--,COMMAND_status_get,STATUS_Success,data[0]: 00000000 ,data[1]: 00000000 ,data[2]: 00000000 ,,"['0x02', '0x00', '0x00', '0x00', '0x00', '0x00', '0x00', '0x00', '0x00', '0x00', '0x00', '0x00', '0x00', '0x00', '0x00', '0x00', '0x70', '0x96']"
,,,,,,,,,,--
23.19 seconds,Host Frame,Node 3,--,COMMAND_status_get,--,arg[0]: 00000000 ,arg[1]: 00000000 ,arg[2]: 00000000 ,Host Frame sent status_get  command to Node  with no arguments.,"['0xc3', '0xaa', '0x00', '0x00', '0x01', '0x00', '0x00', '0x00', '0x00', '0x00', '0x00', '0x00', '0x00', '0x00', '0x00', '0x00', '0x00', '0x00', '0x00', '0x02', '0x00', '0x00', '0x00', '0x00', '0x00', '0x00', '0x00', '0x00', '0x00', '0x00', '0x00', '0x00', '0x00', '0x00', '0x03', '0x00', '0x00', '0x00', '0x00', '0x00', '0x00', '0x00', '0x00', '0x00', '0x00', '0x00', '0x00', '0x00', '0x00', '0x04', '0x00', '0x00', '0x00', '0x00', '0x00', '0x00', '0x00', '0x00', '0x00', '0x00', '0x00', '0x00', '0x00', '0x00', '0x05', '0x00', '0x00', '0x00', '0x00', '0x00', '0x00', '0x00', '0x00', '0x00', '0x00', '0x00', '0x00', '0x00', '0x00', '0x06', '0x00', '0x00', '0x00', '0x00', '0x00', '0x00', '0x00', '0x00', '0x00', '0x00', '0x00', '0x00', '0x00', '0x00', '0x07', '0x00', '0x00', '0x00', '0x00', '0x00', '0x00', '0x00', '0x00', '0x00', '0x00', '0x00', '0x00', '0x00', '0x00', '0x0f', '0x87']"
,,,,,,,,,,--
23.21 seconds,Node 0,Host Frame,--,COMMAND_status_get,STATUS_Success,data[0]: 00000000 ,data[1]: 00000000 ,data[2]: 00000000 ,,"['0x00', '0x00', '0x00', '0x00', '0x00', '0x00', '0x00', '0x00', '0x00', '0x00', '0x00', '0x00', '0x00', '0x00', '0x00', '0x00', '0x00', '0x00']"
,,,,,,,,,,--
23.21 seconds,Host Frame,Node 4,--,COMMAND_status_get,--,arg[0]: 00000000 ,arg[1]: 00000000 ,arg[2]: 00000000 ,Host Frame sent status_get  command to Node  with no arguments.,"['0xc3', '0xaa', '0x00', '0x00', '0x01', '0x00', '0x00', '0x00', '0x00', '0x00', '0x00', '0x00', '0x00', '0x00', '0x00', '0x00', '0x00', '0x00', '0x00', '0x02', '0x00', '0x00', '0x00', '0x00', '0x00', '0x00', '0x00', '0x00', '0x00', '0x00', '0x00', '0x00', '0x00', '0x00', '0x03', '0x00', '0x00', '0x00', '0x00', '0x00', '0x00', '0x00', '0x00', '0x00', '0x00', '0x00', '0x00', '0x00', '0x00', '0x04', '0x00', '0x00', '0x00', '0x00', '0x00', '0x00', '0x00', '0x00', '0x00', '0x00', '0x00', '0x00', '0x00', '0x00', '0x05', '0x00', '0x00', '0x00', '0x00', '0x00', '0x00', '0x00', '0x00', '0x00', '0x00', '0x00', '0x00', '0x00', '0x00', '0x06', '0x00', '0x00', '0x00', '0x00', '0x00', '0x00', '0x00', '0x00', '0x00', '0x00', '0x00', '0x00', '0x00', '0x00', '0x07', '0x00', '0x00', '0x00', '0x00', '0x00', '0x00', '0x00', '0x00', '0x00', '0x00', '0x00', '0x00', '0x00', '0x00', '0x0f', '0x87']"
,,,,,,,,,,--
23.22 seconds,Node 0,Host Frame,--,COMMAND_status_get,STATUS_Success,data[0]: 00000000 ,data[1]: 00000000 ,data[2]: 00000000 ,,"['0x00', '0x00', '0x00', '0x00', '0x00', '0x00', '0x00', '0x00', '0x00', '0x00', '0x00', '0x00', '0x00', '0x00', '0x00', '0x00', '0x00', '0x00']"
,,,,,,,,,,--
23.24 seconds,Host Frame,Node 5,--,COMMAND_status_get,--,arg[0]: 00000000 ,arg[1]: 00000000 ,arg[2]: 00000000 ,Host Frame sent status_get  command to Node  with no arguments.,"['0xc3', '0xaa', '0x00', '0x00', '0x01', '0x00', '0x00', '0x00', '0x00', '0x00', '0x00', '0x00', '0x00', '0x00', '0x00', '0x00', '0x00', '0x00', '0x00', '0x02', '0x00', '0x00', '0x00', '0x00', '0x00', '0x00', '0x00', '0x00', '0x00', '0x00', '0x00', '0x00', '0x00', '0x00', '0x03', '0x00', '0x00', '0x00', '0x00', '0x00', '0x00', '0x00', '0x00', '0x00', '0x00', '0x00', '0x00', '0x00', '0x00', '0x04', '0x00', '0x00', '0x00', '0x00', '0x00', '0x00', '0x00', '0x00', '0x00', '0x00', '0x00', '0x00', '0x00', '0x00', '0x05', '0x00', '0x00', '0x00', '0x00', '0x00', '0x00', '0x00', '0x00', '0x00', '0x00', '0x00', '0x00', '0x00', '0x00', '0x06', '0x00', '0x00', '0x00', '0x00', '0x00', '0x00', '0x00', '0x00', '0x00', '0x00', '0x00', '0x00', '0x00', '0x00', '0x07', '0x00', '0x00', '0x00', '0x00', '0x00', '0x00', '0x00', '0x00', '0x00', '0x00', '0x00', '0x00', '0x00', '0x00', '0x0f', '0x87']"
,,,,,,,,,,--
23.41 seconds,Node 0,Host Frame,--,COMMAND_status_get,STATUS_Success,data[0]: 00000000 ,data[1]: 00000000 ,data[2]: 00000000 ,,"['0x00', '0x00', '0x00', '0x00', '0x00', '0x00', '0x00', '0x00', '0x00', '0x00', '0x00', '0x00', '0x00', '0x00', '0x00', '0x00', '0x00', '0x00']"
,,,,,,,,,,--
23.42 seconds,Host Frame,Node 6,--,COMMAND_status_get,--,arg[0]: 00000000 ,arg[1]: 00000000 ,arg[2]: 00000000 ,Host Frame sent status_get  command to Node  with no arguments.,"['0xc3', '0xaa', '0x00', '0x00', '0x01', '0x00', '0x00', '0x00', '0x00', '0x00', '0x00', '0x00', '0x00', '0x00', '0x00', '0x00', '0x00', '0x00', '0x00', '0x02', '0x00', '0x00', '0x00', '0x00', '0x00', '0x00', '0x00', '0x00', '0x00', '0x00', '0x00', '0x00', '0x00', '0x00', '0x03', '0x00', '0x00', '0x00', '0x00', '0x00', '0x00', '0x00', '0x00', '0x00', '0x00', '0x00', '0x00', '0x00', '0x00', '0x04', '0x00', '0x00', '0x00', '0x00', '0x00', '0x00', '0x00', '0x00', '0x00', '0x00', '0x00', '0x00', '0x00', '0x00', '0x05', '0x00', '0x00', '0x00', '0x00', '0x00', '0x00', '0x00', '0x00', '0x00', '0x00', '0x00', '0x00', '0x00', '0x00', '0x06', '0x00', '0x00', '0x00', '0x00', '0x00', '0x00', '0x00', '0x00', '0x00', '0x00', '0x00', '0x00', '0x00', '0x00', '0x07', '0x00', '0x00', '0x00', '0x00', '0x00', '0x00', '0x00', '0x00', '0x00', '0x00', '0x00', '0x00', '0x00', '0x00', '0x0f', '0x87']"
,,,,,,,,,,--
23.44 seconds,Node 0,Host Frame,--,COMMAND_status_get,STATUS_Success,data[0]: 00000000 ,data[1]: 00000000 ,data[2]: 00000000 ,,"['0x00', '0x00', '0x00', '0x00', '0x00', '0x00', '0x00', '0x00', '0x00', '0x00', '0x00', '0x00', '0x00', '0x00', '0x00', '0x00', '0x00', '0x00']"
,,,,,,,,,,--
23.44 seconds,Host Frame,Node 7,--,COMMAND_status_get,--,arg[0]: 00000000 ,arg[1]: 00000000 ,arg[2]: 00000000 ,Host Frame sent status_get  command to Node  with no arguments.,"['0xc3', '0xaa', '0x00', '0x00', '0x01', '0x00', '0x00', '0x00', '0x00', '0x00', '0x00', '0x00', '0x00', '0x00', '0x00', '0x00', '0x00', '0x00', '0x00', '0x02', '0x00', '0x00', '0x00', '0x00', '0x00', '0x00', '0x00', '0x00', '0x00', '0x00', '0x00', '0x00', '0x00', '0x00', '0x03', '0x00', '0x00', '0x00', '0x00', '0x00', '0x00', '0x00', '0x00', '0x00', '0x00', '0x00', '0x00', '0x00', '0x00', '0x04', '0x00', '0x00', '0x00', '0x00', '0x00', '0x00', '0x00', '0x00', '0x00', '0x00', '0x00', '0x00', '0x00', '0x00', '0x05', '0x00', '0x00', '0x00', '0x00', '0x00', '0x00', '0x00', '0x00', '0x00', '0x00', '0x00', '0x00', '0x00', '0x00', '0x06', '0x00', '0x00', '0x00', '0x00', '0x00', '0x00', '0x00', '0x00', '0x00', '0x00', '0x00', '0x00', '0x00', '0x00', '0x07', '0x00', '0x00', '0x00', '0x00', '0x00', '0x00', '0x00', '0x00', '0x00', '0x00', '0x00', '0x00', '0x00', '0x00', '0x0f', '0x87']"
,,,,,,,,,,--
23.55 seconds,Node 0,Host Frame,--,COMMAND_status_get,STATUS_Success,data[0]: 00000000 ,data[1]: 00000000 ,data[2]: 00000000 ,,"['0x00', '0x00', '0x00', '0x00', '0x00', '0x00', '0x00', '0x00', '0x00', '0x00', '0x00', '0x00', '0x00', '0x00', '0x00', '0x00', '0x00', '0x00']"
,,,,,,,,,,--
23.56 seconds,Host Frame,Node 1,--,COMMAND_status_get,--,arg[0]: 00000000 ,arg[1]: 00000000 ,arg[2]: 00000000 ,Host Frame sent status_get  command to Node  with no arguments.,"['0xc3', '0xaa', '0x00', '0x00', '0x01', '0x00', '0x00', '0x00', '0x00', '0x00', '0x00', '0x00', '0x00', '0x00', '0x00', '0x00', '0x00', '0x00', '0x00', '0x02', '0x00', '0x00', '0x00', '0x00', '0x00', '0x00', '0x00', '0x00', '0x00', '0x00', '0x00', '0x00', '0x00', '0x00', '0x03', '0x00', '0x00', '0x00', '0x00', '0x00', '0x00', '0x00', '0x00', '0x00', '0x00', '0x00', '0x00', '0x00', '0x00', '0x04', '0x00', '0x00', '0x00', '0x00', '0x00', '0x00', '0x00', '0x00', '0x00', '0x00', '0x00', '0x00', '0x00', '0x00', '0x05', '0x00', '0x00', '0x00', '0x00', '0x00', '0x00', '0x00', '0x00', '0x00', '0x00', '0x00', '0x00', '0x00', '0x00', '0x06', '0x00', '0x00', '0x00', '0x00', '0x00', '0x00', '0x00', '0x00', '0x00', '0x00', '0x00', '0x00', '0x00', '0x00', '0x07', '0x00', '0x00', '0x00', '0x00', '0x00', '0x00', '0x00', '0x00', '0x00', '0x00', '0x00', '0x00', '0x00', '0x00', '0x0f', '0x87']"
,,,,,,,,,,--
23.73 seconds,Node 1,Host Frame,--,COMMAND_status_get,STATUS_Success,data[0]: 00000000 ,data[1]: 00000000 ,data[2]: 00000000 ,,"['0x01', '0x00', '0x00', '0x00', '0x00', '0x00', '0x00', '0x00', '0x00', '0x00', '0x00', '0x00', '0x00', '0x00', '0x00', '0x00', '0x3d', '0x7e']"
,,,,,,,,,,--
23.75 seconds,Host Frame,Node 2,--,COMMAND_status_get,--,arg[0]: 00000000 ,arg[1]: 00000000 ,arg[2]: 00000000 ,Host Frame sent status_get  command to Node  with no arguments.,"['0xc3', '0xaa', '0x00', '0x00', '0x01', '0x00', '0x00', '0x00', '0x00', '0x00', '0x00', '0x00', '0x00', '0x00', '0x00', '0x00', '0x00', '0x00', '0x00', '0x02', '0x00', '0x00', '0x00', '0x00', '0x00', '0x00', '0x00', '0x00', '0x00', '0x00', '0x00', '0x00', '0x00', '0x00', '0x03', '0x00', '0x00', '0x00', '0x00', '0x00', '0x00', '0x00', '0x00', '0x00', '0x00', '0x00', '0x00', '0x00', '0x00', '0x04', '0x00', '0x00', '0x00', '0x00', '0x00', '0x00', '0x00', '0x00', '0x00', '0x00', '0x00', '0x00', '0x00', '0x00', '0x05', '0x00', '0x00', '0x00', '0x00', '0x00', '0x00', '0x00', '0x00', '0x00', '0x00', '0x00', '0x00', '0x00', '0x00', '0x06', '0x00', '0x00', '0x00', '0x00', '0x00', '0x00', '0x00', '0x00', '0x00', '0x00', '0x00', '0x00', '0x00', '0x00', '0x07', '0x00', '0x00', '0x00', '0x00', '0x00', '0x00', '0x00', '0x00', '0x00', '0x00', '0x00', '0x00', '0x00', '0x00', '0x0f', '0x87']"
,,,,,,,,,,--
23.77 seconds,Node 2,Host Frame,--,COMMAND_status_get,STATUS_Success,data[0]: 00000000 ,data[1]: 00000000 ,data[2]: 00000000 ,,"['0x02', '0x00', '0x00', '0x00', '0x00', '0x00', '0x00', '0x00', '0x00', '0x00', '0x00', '0x00', '0x00', '0x00', '0x00', '0x00', '0x70', '0x96']"
,,,,,,,,,,--
23.78 seconds,Host Frame,Node 3,--,COMMAND_status_get,--,arg[0]: 00000000 ,arg[1]: 00000000 ,arg[2]: 00000000 ,Host Frame sent status_get  command to Node  with no arguments.,"['0xc3', '0xaa', '0x00', '0x00', '0x01', '0x00', '0x00', '0x00', '0x00', '0x00', '0x00', '0x00', '0x00', '0x00', '0x00', '0x00', '0x00', '0x00', '0x00', '0x02', '0x00', '0x00', '0x00', '0x00', '0x00', '0x00', '0x00', '0x00', '0x00', '0x00', '0x00', '0x00', '0x00', '0x00', '0x03', '0x00', '0x00', '0x00', '0x00', '0x00', '0x00', '0x00', '0x00', '0x00', '0x00', '0x00', '0x00', '0x00', '0x00', '0x04', '0x00', '0x00', '0x00', '0x00', '0x00', '0x00', '0x00', '0x00', '0x00', '0x00', '0x00', '0x00', '0x00', '0x00', '0x05', '0x00', '0x00', '0x00', '0x00', '0x00', '0x00', '0x00', '0x00', '0x00', '0x00', '0x00', '0x00', '0x00', '0x00', '0x06', '0x00', '0x00', '0x00', '0x00', '0x00', '0x00', '0x00', '0x00', '0x00', '0x00', '0x00', '0x00', '0x00', '0x00', '0x07', '0x00', '0x00', '0x00', '0x00', '0x00', '0x00', '0x00', '0x00', '0x00', '0x00', '0x00', '0x00', '0x00', '0x00', '0x0f', '0x87']"
,,,,,,,,,,--
23.89 seconds,Node 0,Host Frame,--,COMMAND_status_get,STATUS_Success,data[0]: 00000000 ,data[1]: 00000000 ,data[2]: 00000000 ,,"['0x00', '0x00', '0x00', '0x00', '0x00', '0x00', '0x00', '0x00', '0x00', '0x00', '0x00', '0x00', '0x00', '0x00', '0x00', '0x00', '0x00', '0x00']"
,,,,,,,,,,--
23.90 seconds,Host Frame,Node 4,--,COMMAND_status_get,--,arg[0]: 00000000 ,arg[1]: 00000000 ,arg[2]: 00000000 ,Host Frame sent status_get  command to Node  with no arguments.,"['0xc3', '0xaa', '0x00', '0x00', '0x01', '0x00', '0x00', '0x00', '0x00', '0x00', '0x00', '0x00', '0x00', '0x00', '0x00', '0x00', '0x00', '0x00', '0x00', '0x02', '0x00', '0x00', '0x00', '0x00', '0x00', '0x00', '0x00', '0x00', '0x00', '0x00', '0x00', '0x00', '0x00', '0x00', '0x03', '0x00', '0x00', '0x00', '0x00', '0x00', '0x00', '0x00', '0x00', '0x00', '0x00', '0x00', '0x00', '0x00', '0x00', '0x04', '0x00', '0x00', '0x00', '0x00', '0x00', '0x00', '0x00', '0x00', '0x00', '0x00', '0x00', '0x00', '0x00', '0x00', '0x05', '0x00', '0x00', '0x00', '0x00', '0x00', '0x00', '0x00', '0x00', '0x00', '0x00', '0x00', '0x00', '0x00', '0x00', '0x06', '0x00', '0x00', '0x00', '0x00', '0x00', '0x00', '0x00', '0x00', '0x00', '0x00', '0x00', '0x00', '0x00', '0x00', '0x07', '0x00', '0x00', '0x00', '0x00', '0x00', '0x00', '0x00', '0x00', '0x00', '0x00', '0x00', '0x00', '0x00', '0x00', '0x0f', '0x87']"
,,,,,,,,,,--
23.93 seconds,Node 0,Host Frame,--,COMMAND_status_get,STATUS_Success,data[0]: 00000000 ,data[1]: 00000000 ,data[2]: 00000000 ,,"['0x00', '0x00', '0x00', '0x00', '0x00', '0x00', '0x00', '0x00', '0x00', '0x00', '0x00', '0x00', '0x00', '0x00', '0x00', '0x00', '0x00', '0x00']"
,,,,,,,,,,--
24.14 seconds,Host Frame,Node 5,--,COMMAND_status_get,--,arg[0]: 00000000 ,arg[1]: 00000000 ,arg[2]: 00000000 ,Host Frame sent status_get  command to Node  with no arguments.,"['0xc3', '0xaa', '0x00', '0x00', '0x01', '0x00', '0x00', '0x00', '0x00', '0x00', '0x00', '0x00', '0x00', '0x00', '0x00', '0x00', '0x00', '0x00', '0x00', '0x02', '0x00', '0x00', '0x00', '0x00', '0x00', '0x00', '0x00', '0x00', '0x00', '0x00', '0x00', '0x00', '0x00', '0x00', '0x03', '0x00', '0x00', '0x00', '0x00', '0x00', '0x00', '0x00', '0x00', '0x00', '0x00', '0x00', '0x00', '0x00', '0x00', '0x04', '0x00', '0x00', '0x00', '0x00', '0x00', '0x00', '0x00', '0x00', '0x00', '0x00', '0x00', '0x00', '0x00', '0x00', '0x05', '0x00', '0x00', '0x00', '0x00', '0x00', '0x00', '0x00', '0x00', '0x00', '0x00', '0x00', '0x00', '0x00', '0x00', '0x06', '0x00', '0x00', '0x00', '0x00', '0x00', '0x00', '0x00', '0x00', '0x00', '0x00', '0x00', '0x00', '0x00', '0x00', '0x07', '0x00', '0x00', '0x00', '0x00', '0x00', '0x00', '0x00', '0x00', '0x00', '0x00', '0x00', '0x00', '0x00', '0x00', '0x0f', '0x87']"
,,,,,,,,,,--
24.15 seconds,Node 0,Host Frame,--,COMMAND_status_get,STATUS_Success,data[0]: 00000000 ,data[1]: 00000000 ,data[2]: 00000000 ,,"['0x00', '0x00', '0x00', '0x00', '0x00', '0x00', '0x00', '0x00', '0x00', '0x00', '0x00', '0x00', '0x00', '0x00', '0x00', '0x00', '0x00', '0x00']"
,,,,,,,,,,--
24.16 seconds,Host Frame,Node 6,--,COMMAND_status_get,--,arg[0]: 00000000 ,arg[1]: 00000000 ,arg[2]: 00000000 ,Host Frame sent status_get  command to Node  with no arguments.,"['0xc3', '0xaa', '0x00', '0x00', '0x01', '0x00', '0x00', '0x00', '0x00', '0x00', '0x00', '0x00', '0x00', '0x00', '0x00', '0x00', '0x00', '0x00', '0x00', '0x02', '0x00', '0x00', '0x00', '0x00', '0x00', '0x00', '0x00', '0x00', '0x00', '0x00', '0x00', '0x00', '0x00', '0x00', '0x03', '0x00', '0x00', '0x00', '0x00', '0x00', '0x00', '0x00', '0x00', '0x00', '0x00', '0x00', '0x00', '0x00', '0x00', '0x04', '0x00', '0x00', '0x00', '0x00', '0x00', '0x00', '0x00', '0x00', '0x00', '0x00', '0x00', '0x00', '0x00', '0x00', '0x05', '0x00', '0x00', '0x00', '0x00', '0x00', '0x00', '0x00', '0x00', '0x00', '0x00', '0x00', '0x00', '0x00', '0x00', '0x06', '0x00', '0x00', '0x00', '0x00', '0x00', '0x00', '0x00', '0x00', '0x00', '0x00', '0x00', '0x00', '0x00', '0x00', '0x07', '0x00', '0x00', '0x00', '0x00', '0x00', '0x00', '0x00', '0x00', '0x00', '0x00', '0x00', '0x00', '0x00', '0x00', '0x0f', '0x87']"
,,,,,,,,,,--
24.17 seconds,Node 0,Host Frame,--,COMMAND_status_get,STATUS_Success,data[0]: 00000000 ,data[1]: 00000000 ,data[2]: 00000000 ,,"['0x00', '0x00', '0x00', '0x00', '0x00', '0x00', '0x00', '0x00', '0x00', '0x00', '0x00', '0x00', '0x00', '0x00', '0x00', '0x00', '0x00', '0x00']"
,,,,,,,,,,--
24.18 seconds,Node 1,Host Frame,--,COMMAND_status_get,STATUS_Success,data[0]: 00000000 ,data[1]: 00000000 ,data[2]: 00000000 ,,"['0x01', '0x00', '0x00', '0x00', '0x00', '0x00', '0x00', '0x00', '0x00', '0x00', '0x00', '0x00', '0x00', '0x00', '0x00', '0x00', '0x3d', '0x7e']"
,,,,,,,,,,--
24.39 seconds,Host Frame,Node 2,--,COMMAND_status_get,--,arg[0]: 00000000 ,arg[1]: 00000000 ,arg[2]: 00000000 ,Host Frame sent status_get  command to Node  with no arguments.,"['0xc3', '0xaa', '0x00', '0x00', '0x01', '0x00', '0x00', '0x00', '0x00', '0x00', '0x00', '0x00', '0x00', '0x00', '0x00', '0x00', '0x00', '0x00', '0x00', '0x02', '0x00', '0x00', '0x00', '0x00', '0x00', '0x00', '0x00', '0x00', '0x00', '0x00', '0x00', '0x00', '0x00', '0x00', '0x03', '0x00', '0x00', '0x00', '0x00', '0x00', '0x00', '0x00', '0x00', '0x00', '0x00', '0x00', '0x00', '0x00', '0x00', '0x04', '0x00', '0x00', '0x00', '0x00', '0x00', '0x00', '0x00', '0x00', '0x00', '0x00', '0x00', '0x00', '0x00', '0x00', '0x05', '0x00', '0x00', '0x00', '0x00', '0x00', '0x00', '0x00', '0x00', '0x00', '0x00', '0x00', '0x00', '0x00', '0x00', '0x06', '0x00', '0x00', '0x00', '0x00', '0x00', '0x00', '0x00', '0x00', '0x00', '0x00', '0x00', '0x00', '0x00', '0x00', '0x07', '0x00', '0x00', '0x00', '0x00', '0x00', '0x00', '0x00', '0x00', '0x00', '0x00', '0x00', '0x00', '0x00', '0x00', '0x0f', '0x87']"
,,,,,,,,,,--
24.40 seconds,Node 2,Host Frame,--,COMMAND_status_get,STATUS_Success,data[0]: 00000000 ,data[1]: 00000000 ,data[2]: 00000000 ,,"['0x02', '0x00', '0x00', '0x00', '0x00', '0x00', '0x00', '0x00', '0x00', '0x00', '0x00', '0x00', '0x00', '0x00', '0x00', '0x00', '0x70', '0x96']"
,,,,,,,,,,--
24.41 seconds,Host Frame,Node 3,--,COMMAND_status_get,--,arg[0]: 00000000 ,arg[1]: 00000000 ,arg[2]: 00000000 ,Host Frame sent status_get  command to Node  with no arguments.,"['0xc3', '0xaa', '0x00', '0x00', '0x01', '0x00', '0x00', '0x00', '0x00', '0x00', '0x00', '0x00', '0x00', '0x00', '0x00', '0x00', '0x00', '0x00', '0x00', '0x02', '0x00', '0x00', '0x00', '0x00', '0x00', '0x00', '0x00', '0x00', '0x00', '0x00', '0x00', '0x00', '0x00', '0x00', '0x03', '0x00', '0x00', '0x00', '0x00', '0x00', '0x00', '0x00', '0x00', '0x00', '0x00', '0x00', '0x00', '0x00', '0x00', '0x04', '0x00', '0x00', '0x00', '0x00', '0x00', '0x00', '0x00', '0x00', '0x00', '0x00', '0x00', '0x00', '0x00', '0x00', '0x05', '0x00', '0x00', '0x00', '0x00', '0x00', '0x00', '0x00', '0x00', '0x00', '0x00', '0x00', '0x00', '0x00', '0x00', '0x06', '0x00', '0x00', '0x00', '0x00', '0x00', '0x00', '0x00', '0x00', '0x00', '0x00', '0x00', '0x00', '0x00', '0x00', '0x07', '0x00', '0x00', '0x00', '0x00', '0x00', '0x00', '0x00', '0x00', '0x00', '0x00', '0x00', '0x00', '0x00', '0x00', '0x0f', '0x87']"
,,,,,,,,,,--
24.42 seconds,Node 0,Host Frame,--,COMMAND_status_get,STATUS_Success,data[0]: 00000000 ,data[1]: 00000000 ,data[2]: 00000000 ,,"['0x00', '0x00', '0x00', '0x00', '0x00', '0x00', '0x00', '0x00', '0x00', '0x00', '0x00', '0x00', '0x00', '0x00', '0x00', '0x00', '0x00', '0x00']"
,,,,,,,,,,--
24.52 seconds,Host Frame,Node 4,--,COMMAND_status_get,--,arg[0]: 00000000 ,arg[1]: 00000000 ,arg[2]: 00000000 ,Host Frame sent status_get  command to Node  with no arguments.,"['0xc3', '0xaa', '0x00', '0x00', '0x01', '0x00', '0x00', '0x00', '0x00', '0x00', '0x00', '0x00', '0x00', '0x00', '0x00', '0x00', '0x00', '0x00', '0x00', '0x02', '0x00', '0x00', '0x00', '0x00', '0x00', '0x00', '0x00', '0x00', '0x00', '0x00', '0x00', '0x00', '0x00', '0x00', '0x03', '0x00', '0x00', '0x00', '0x00', '0x00', '0x00', '0x00', '0x00', '0x00', '0x00', '0x00', '0x00', '0x00', '0x00', '0x04', '0x00', '0x00', '0x00', '0x00', '0x00', '0x00', '0x00', '0x00', '0x00', '0x00', '0x00', '0x00', '0x00', '0x00', '0x05', '0x00', '0x00', '0x00', '0x00', '0x00', '0x00', '0x00', '0x00', '0x00', '0x00', '0x00', '0x00', '0x00', '0x00', '0x06', '0x00', '0x00', '0x00', '0x00', '0x00', '0x00', '0x00', '0x00', '0x00', '0x00', '0x00', '0x00', '0x00', '0x00', '0x07', '0x00', '0x00', '0x00', '0x00', '0x00', '0x00', '0x00', '0x00', '0x00', '0x00', '0x00', '0x00', '0x00', '0x00', '0x0f', '0x87']"
,,,,,,,,,,--
24.53 seconds,Node 0,Host Frame,--,COMMAND_status_get,STATUS_Success,data[0]: 00000000 ,data[1]: 00000000 ,data[2]: 00000000 ,,"['0x00', '0x00', '0x00', '0x00', '0x00', '0x00', '0x00', '0x00', '0x00', '0x00', '0x00', '0x00', '0x00', '0x00', '0x00', '0x00', '0x00', '0x00']"
,,,,,,,,,,--
24.68 seconds,Host Frame,Node 5,--,COMMAND_status_get,--,arg[0]: 00000000 ,arg[1]: 00000000 ,arg[2]: 00000000 ,Host Frame sent status_get  command to Node  with no arguments.,"['0xc3', '0xaa', '0x00', '0x00', '0x01', '0x00', '0x00', '0x00', '0x00', '0x00', '0x00', '0x00', '0x00', '0x00', '0x00', '0x00', '0x00', '0x00', '0x00', '0x02', '0x00', '0x00', '0x00', '0x00', '0x00', '0x00', '0x00', '0x00', '0x00', '0x00', '0x00', '0x00', '0x00', '0x00', '0x03', '0x00', '0x00', '0x00', '0x00', '0x00', '0x00', '0x00', '0x00', '0x00', '0x00', '0x00', '0x00', '0x00', '0x00', '0x04', '0x00', '0x00', '0x00', '0x00', '0x00', '0x00', '0x00', '0x00', '0x00', '0x00', '0x00', '0x00', '0x00', '0x00', '0x05', '0x00', '0x00', '0x00', '0x00', '0x00', '0x00', '0x00', '0x00', '0x00', '0x00', '0x00', '0x00', '0x00', '0x00', '0x06', '0x00', '0x00', '0x00', '0x00', '0x00', '0x00', '0x00', '0x00', '0x00', '0x00', '0x00', '0x00', '0x00', '0x00', '0x07', '0x00', '0x00', '0x00', '0x00', '0x00', '0x00', '0x00', '0x00', '0x00', '0x00', '0x00', '0x00', '0x00', '0x00', '0x0f', '0x87']"
,,,,,,,,,,--
24.70 seconds,Node 0,Host Frame,--,COMMAND_status_get,STATUS_Success,data[0]: 00000000 ,data[1]: 00000000 ,data[2]: 00000000 ,,"['0x00', '0x00', '0x00', '0x00', '0x00', '0x00', '0x00', '0x00', '0x00', '0x00', '0x00', '0x00', '0x00', '0x00', '0x00', '0x00', '0x00', '0x00']"
,,,,,,,,,,--
24.72 seconds,Host Frame,Node 6,--,COMMAND_status_get,--,arg[0]: 00000000 ,arg[1]: 00000000 ,arg[2]: 00000000 ,Host Frame sent status_get  command to Node  with no arguments.,"['0xc3', '0xaa', '0x00', '0x00', '0x01', '0x00', '0x00', '0x00', '0x00', '0x00', '0x00', '0x00', '0x00', '0x00', '0x00', '0x00', '0x00', '0x00', '0x00', '0x02', '0x00', '0x00', '0x00', '0x00', '0x00', '0x00', '0x00', '0x00', '0x00', '0x00', '0x00', '0x00', '0x00', '0x00', '0x03', '0x00', '0x00', '0x00', '0x00', '0x00', '0x00', '0x00', '0x00', '0x00', '0x00', '0x00', '0x00', '0x00', '0x00', '0x04', '0x00', '0x00', '0x00', '0x00', '0x00', '0x00', '0x00', '0x00', '0x00', '0x00', '0x00', '0x00', '0x00', '0x00', '0x05', '0x00', '0x00', '0x00', '0x00', '0x00', '0x00', '0x00', '0x00', '0x00', '0x00', '0x00', '0x00', '0x00', '0x00', '0x06', '0x00', '0x00', '0x00', '0x00', '0x00', '0x00', '0x00', '0x00', '0x00', '0x00', '0x00', '0x00', '0x00', '0x00', '0x07', '0x00', '0x00', '0x00', '0x00', '0x00', '0x00', '0x00', '0x00', '0x00', '0x00', '0x00', '0x00', '0x00', '0x00', '0x0f', '0x87']"
,,,,,,,,,,--
24.73 seconds,Node 0,Host Frame,--,COMMAND_status_get,STATUS_Success,data[0]: 00000000 ,data[1]: 00000000 ,data[2]: 00000000 ,,"['0x00', '0x00', '0x00', '0x00', '0x00', '0x00', '0x00', '0x00', '0x00', '0x00', '0x00', '0x00', '0x00', '0x00', '0x00', '0x00', '0x00', '0x00']"
,,,,,,,,,,--
24.85 seconds,Host Frame,Node 7,--,COMMAND_status_get,--,arg[0]: 00000000 ,arg[1]: 00000000 ,arg[2]: 00000000 ,Host Frame sent status_get  command to Node  with no arguments.,"['0xc3', '0xaa', '0x00', '0x00', '0x01', '0x00', '0x00', '0x00', '0x00', '0x00', '0x00', '0x00', '0x00', '0x00', '0x00', '0x00', '0x00', '0x00', '0x00', '0x02', '0x00', '0x00', '0x00', '0x00', '0x00', '0x00', '0x00', '0x00', '0x00', '0x00', '0x00', '0x00', '0x00', '0x00', '0x03', '0x00', '0x00', '0x00', '0x00', '0x00', '0x00', '0x00', '0x00', '0x00', '0x00', '0x00', '0x00', '0x00', '0x00', '0x04', '0x00', '0x00', '0x00', '0x00', '0x00', '0x00', '0x00', '0x00', '0x00', '0x00', '0x00', '0x00', '0x00', '0x00', '0x05', '0x00', '0x00', '0x00', '0x00', '0x00', '0x00', '0x00', '0x00', '0x00', '0x00', '0x00', '0x00', '0x00', '0x00', '0x06', '0x00', '0x00', '0x00', '0x00', '0x00', '0x00', '0x00', '0x00', '0x00', '0x00', '0x00', '0x00', '0x00', '0x00', '0x07', '0x00', '0x00', '0x00', '0x00', '0x00', '0x00', '0x00', '0x00', '0x00', '0x00', '0x00', '0x00', '0x00', '0x00', '0x0f', '0x87']"
,,,,,,,,,,--
24.86 seconds,Node 0,Host Frame,--,COMMAND_status_get,STATUS_Success,data[0]: 00000000 ,data[1]: 00000000 ,data[2]: 00000000 ,,"['0x00', '0x00', '0x00', '0x00', '0x00', '0x00', '0x00', '0x00', '0x00', '0x00', '0x00', '0x00', '0x00', '0x00', '0x00', '0x00', '0x00', '0x00']"
,,,,,,,,,,--
25.03 seconds,Host Frame,Node 1,--,COMMAND_status_get,--,arg[0]: 00000000 ,arg[1]: 00000000 ,arg[2]: 00000000 ,Host Frame sent status_get  command to Node  with no arguments.,"['0xc3', '0xaa', '0x00', '0x00', '0x01', '0x00', '0x00', '0x00', '0x00', '0x00', '0x00', '0x00', '0x00', '0x00', '0x00', '0x00', '0x00', '0x00', '0x00', '0x02', '0x00', '0x00', '0x00', '0x00', '0x00', '0x00', '0x00', '0x00', '0x00', '0x00', '0x00', '0x00', '0x00', '0x00', '0x03', '0x00', '0x00', '0x00', '0x00', '0x00', '0x00', '0x00', '0x00', '0x00', '0x00', '0x00', '0x00', '0x00', '0x00', '0x04', '0x00', '0x00', '0x00', '0x00', '0x00', '0x00', '0x00', '0x00', '0x00', '0x00', '0x00', '0x00', '0x00', '0x00', '0x05', '0x00', '0x00', '0x00', '0x00', '0x00', '0x00', '0x00', '0x00', '0x00', '0x00', '0x00', '0x00', '0x00', '0x00', '0x06', '0x00', '0x00', '0x00', '0x00', '0x00', '0x00', '0x00', '0x00', '0x00', '0x00', '0x00', '0x00', '0x00', '0x00', '0x07', '0x00', '0x00', '0x00', '0x00', '0x00', '0x00', '0x00', '0x00', '0x00', '0x00', '0x00', '0x00', '0x00', '0x00', '0x0f', '0x87']"
,,,,,,,,,,--
25.05 seconds,Node 1,Host Frame,--,COMMAND_status_get,STATUS_Success,data[0]: 00000000 ,data[1]: 00000000 ,data[2]: 00000000 ,,"['0x01', '0x00', '0x00', '0x00', '0x00', '0x00', '0x00', '0x00', '0x00', '0x00', '0x00', '0x00', '0x00', '0x00', '0x00', '0x00', '0x3d', '0x7e']"
,,,,,,,,,,--
25.06 seconds,Node 2,Host Frame,--,COMMAND_status_get,STATUS_Success,data[0]: 00000000 ,data[1]: 00000000 ,data[2]: 00000000 ,,"['0x02', '0x00', '0x00', '0x00', '0x00', '0x00', '0x00', '0x00', '0x00', '0x00', '0x00', '0x00', '0x00', '0x00', '0x00', '0x00', '0x70', '0x96']"
,,,,,,,,,,--
25.25 seconds,Host Frame,Node 3,--,COMMAND_status_get,--,arg[0]: 00000000 ,arg[1]: 00000000 ,arg[2]: 00000000 ,Host Frame sent status_get  command to Node  with no arguments.,"['0xc3', '0xaa', '0x00', '0x00', '0x01', '0x00', '0x00', '0x00', '0x00', '0x00', '0x00', '0x00', '0x00', '0x00', '0x00', '0x00', '0x00', '0x00', '0x00', '0x02', '0x00', '0x00', '0x00', '0x00', '0x00', '0x00', '0x00', '0x00', '0x00', '0x00', '0x00', '0x00', '0x00', '0x00', '0x03', '0x00', '0x00', '0x00', '0x00', '0x00', '0x00', '0x00', '0x00', '0x00', '0x00', '0x00', '0x00', '0x00', '0x00', '0x04', '0x00', '0x00', '0x00', '0x00', '0x00', '0x00', '0x00', '0x00', '0x00', '0x00', '0x00', '0x00', '0x00', '0x00', '0x05', '0x00', '0x00', '0x00', '0x00', '0x00', '0x00', '0x00', '0x00', '0x00', '0x00', '0x00', '0x00', '0x00', '0x00', '0x06', '0x00', '0x00', '0x00', '0x00', '0x00', '0x00', '0x00', '0x00', '0x00', '0x00', '0x00', '0x00', '0x00', '0x00', '0x07', '0x00', '0x00', '0x00', '0x00', '0x00', '0x00', '0x00', '0x00', '0x00', '0x00', '0x00', '0x00', '0x00', '0x00', '0x0f', '0x87']"
,,,,,,,,,,--
25.27 seconds,Node 0,Host Frame,--,COMMAND_status_get,STATUS_Success,data[0]: 00000000 ,data[1]: 00000000 ,data[2]: 00000000 ,,"['0x00', '0x00', '0x00', '0x00', '0x00', '0x00', '0x00', '0x00', '0x00', '0x00', '0x00', '0x00', '0x00', '0x00', '0x00', '0x00', '0x00', '0x00']"
,,,,,,,,,,--
25.29 seconds,Host Frame,Node 4,--,COMMAND_status_get,--,arg[0]: 00000000 ,arg[1]: 00000000 ,arg[2]: 00000000 ,Host Frame sent status_get  command to Node  with no arguments.,"['0xc3', '0xaa', '0x00', '0x00', '0x01', '0x00', '0x00', '0x00', '0x00', '0x00', '0x00', '0x00', '0x00', '0x00', '0x00', '0x00', '0x00', '0x00', '0x00', '0x02', '0x00', '0x00', '0x00', '0x00', '0x00', '0x00', '0x00', '0x00', '0x00', '0x00', '0x00', '0x00', '0x00', '0x00', '0x03', '0x00', '0x00', '0x00', '0x00', '0x00', '0x00', '0x00', '0x00', '0x00', '0x00', '0x00', '0x00', '0x00', '0x00', '0x04', '0x00', '0x00', '0x00', '0x00', '0x00', '0x00', '0x00', '0x00', '0x00', '0x00', '0x00', '0x00', '0x00', '0x00', '0x05', '0x00', '0x00', '0x00', '0x00', '0x00', '0x00', '0x00', '0x00', '0x00', '0x00', '0x00', '0x00', '0x00', '0x00', '0x06', '0x00', '0x00', '0x00', '0x00', '0x00', '0x00', '0x00', '0x00', '0x00', '0x00', '0x00', '0x00', '0x00', '0x00', '0x07', '0x00', '0x00', '0x00', '0x00', '0x00', '0x00', '0x00', '0x00', '0x00', '0x00', '0x00', '0x00', '0x00', '0x00', '0x0f', '0x87']"
,,,,,,,,,,--
25.31 seconds,Node 0,Host Frame,--,COMMAND_status_get,STATUS_Success,data[0]: 00000000 ,data[1]: 00000000 ,data[2]: 00000000 ,,"['0x00', '0x00', '0x00', '0x00', '0x00', '0x00', '0x00', '0x00', '0x00', '0x00', '0x00', '0x00', '0x00', '0x00', '0x00', '0x00', '0x00', '0x00']"
,,,,,,,,,,--
25.33 seconds,Host Frame,Node 5,--,COMMAND_status_get,--,arg[0]: 00000000 ,arg[1]: 00000000 ,arg[2]: 00000000 ,Host Frame sent status_get  command to Node  with no arguments.,"['0xc3', '0xaa', '0x00', '0x00', '0x01', '0x00', '0x00', '0x00', '0x00', '0x00', '0x00', '0x00', '0x00', '0x00', '0x00', '0x00', '0x00', '0x00', '0x00', '0x02', '0x00', '0x00', '0x00', '0x00', '0x00', '0x00', '0x00', '0x00', '0x00', '0x00', '0x00', '0x00', '0x00', '0x00', '0x03', '0x00', '0x00', '0x00', '0x00', '0x00', '0x00', '0x00', '0x00', '0x00', '0x00', '0x00', '0x00', '0x00', '0x00', '0x04', '0x00', '0x00', '0x00', '0x00', '0x00', '0x00', '0x00', '0x00', '0x00', '0x00', '0x00', '0x00', '0x00', '0x00', '0x05', '0x00', '0x00', '0x00', '0x00', '0x00', '0x00', '0x00', '0x00', '0x00', '0x00', '0x00', '0x00', '0x00', '0x00', '0x06', '0x00', '0x00', '0x00', '0x00', '0x00', '0x00', '0x00', '0x00', '0x00', '0x00', '0x00', '0x00', '0x00', '0x00', '0x07', '0x00', '0x00', '0x00', '0x00', '0x00', '0x00', '0x00', '0x00', '0x00', '0x00', '0x00', '0x00', '0x00', '0x00', '0x0f', '0x87']"
,,,,,,,,,,--
25.85 seconds,Node 0,Host Frame,--,COMMAND_status_get,STATUS_Success,data[0]: 00000000 ,data[1]: 00000000 ,data[2]: 00000000 ,,"['0x00', '0x00', '0x00', '0x00', '0x00', '0x00', '0x00', '0x00', '0x00', '0x00', '0x00', '0x00', '0x00', '0x00', '0x00', '0x00', '0x00', '0x00']"
,,,,,,,,,,--
25.87 seconds,Host Frame,Node 6,--,COMMAND_status_get,--,arg[0]: 00000000 ,arg[1]: 00000000 ,arg[2]: 00000000 ,Host Frame sent status_get  command to Node  with no arguments.,"['0xc3', '0xaa', '0x00', '0x00', '0x01', '0x00', '0x00', '0x00', '0x00', '0x00', '0x00', '0x00', '0x00', '0x00', '0x00', '0x00', '0x00', '0x00', '0x00', '0x02', '0x00', '0x00', '0x00', '0x00', '0x00', '0x00', '0x00', '0x00', '0x00', '0x00', '0x00', '0x00', '0x00', '0x00', '0x03', '0x00', '0x00', '0x00', '0x00', '0x00', '0x00', '0x00', '0x00', '0x00', '0x00', '0x00', '0x00', '0x00', '0x00', '0x04', '0x00', '0x00', '0x00', '0x00', '0x00', '0x00', '0x00', '0x00', '0x00', '0x00', '0x00', '0x00', '0x00', '0x00', '0x05', '0x00', '0x00', '0x00', '0x00', '0x00', '0x00', '0x00', '0x00', '0x00', '0x00', '0x00', '0x00', '0x00', '0x00', '0x06', '0x00', '0x00', '0x00', '0x00', '0x00', '0x00', '0x00', '0x00', '0x00', '0x00', '0x00', '0x00', '0x00', '0x00', '0x07', '0x00', '0x00', '0x00', '0x00', '0x00', '0x00', '0x00', '0x00', '0x00', '0x00', '0x00', '0x00', '0x00', '0x00', '0x0f', '0x87']"
,,,,,,,,,,--
25.88 seconds,Node 0,Host Frame,--,COMMAND_status_get,STATUS_Success,data[0]: 00000000 ,data[1]: 00000000 ,data[2]: 00000000 ,,"['0x00', '0x00', '0x00', '0x00', '0x00', '0x00', '0x00', '0x00', '0x00', '0x00', '0x00', '0x00', '0x00', '0x00', '0x00', '0x00', '0x00', '0x00']"
,,,,,,,,,,--
25.90 seconds,Host Frame,Node 7,--,COMMAND_status_get,--,arg[0]: 00000000 ,arg[1]: 00000000 ,arg[2]: 00000000 ,Host Frame sent status_get  command to Node  with no arguments.,"['0xc3', '0xaa', '0x00', '0x00', '0x01', '0x00', '0x00', '0x00', '0x00', '0x00', '0x00', '0x00', '0x00', '0x00', '0x00', '0x00', '0x00', '0x00', '0x00', '0x02', '0x00', '0x00', '0x00', '0x00', '0x00', '0x00', '0x00', '0x00', '0x00', '0x00', '0x00', '0x00', '0x00', '0x00', '0x03', '0x00', '0x00', '0x00', '0x00', '0x00', '0x00', '0x00', '0x00', '0x00', '0x00', '0x00', '0x00', '0x00', '0x00', '0x04', '0x00', '0x00', '0x00', '0x00', '0x00', '0x00', '0x00', '0x00', '0x00', '0x00', '0x00', '0x00', '0x00', '0x00', '0x05', '0x00', '0x00', '0x00', '0x00', '0x00', '0x00', '0x00', '0x00', '0x00', '0x00', '0x00', '0x00', '0x00', '0x00', '0x06', '0x00', '0x00', '0x00', '0x00', '0x00', '0x00', '0x00', '0x00', '0x00', '0x00', '0x00', '0x00', '0x00', '0x00', '0x07', '0x00', '0x00', '0x00', '0x00', '0x00', '0x00', '0x00', '0x00', '0x00', '0x00', '0x00', '0x00', '0x00', '0x00', '0x0f', '0x87']"
,,,,,,,,,,--
25.91 seconds,Node 0,Host Frame,--,COMMAND_status_get,STATUS_Success,data[0]: 00000000 ,data[1]: 00000000 ,data[2]: 00000000 ,,"['0x00', '0x00', '0x00', '0x00', '0x00', '0x00', '0x00', '0x00', '0x00', '0x00', '0x00', '0x00', '0x00', '0x00', '0x00', '0x00', '0x00', '0x00']"
,,,,,,,,,,--
25.93 seconds,Host Frame,Node 1,--,COMMAND_status_get,--,arg[0]: 00000000 ,arg[1]: 00000000 ,arg[2]: 00000000 ,Host Frame sent status_get  command to Node  with no arguments.,"['0xc3', '0xaa', '0x00', '0x00', '0x01', '0x00', '0x00', '0x00', '0x00', '0x00', '0x00', '0x00', '0x00', '0x00', '0x00', '0x00', '0x00', '0x00', '0x00', '0x02', '0x00', '0x00', '0x00', '0x00', '0x00', '0x00', '0x00', '0x00', '0x00', '0x00', '0x00', '0x00', '0x00', '0x00', '0x03', '0x00', '0x00', '0x00', '0x00', '0x00', '0x00', '0x00', '0x00', '0x00', '0x00', '0x00', '0x00', '0x00', '0x00', '0x04', '0x00', '0x00', '0x00', '0x00', '0x00', '0x00', '0x00', '0x00', '0x00', '0x00', '0x00', '0x00', '0x00', '0x00', '0x05', '0x00', '0x00', '0x00', '0x00', '0x00', '0x00', '0x00', '0x00', '0x00', '0x00', '0x00', '0x00', '0x00', '0x00', '0x06', '0x00', '0x00', '0x00', '0x00', '0x00', '0x00', '0x00', '0x00', '0x00', '0x00', '0x00', '0x00', '0x00', '0x00', '0x07', '0x00', '0x00', '0x00', '0x00', '0x00', '0x00', '0x00', '0x00', '0x00', '0x00', '0x00', '0x00', '0x00', '0x00', '0x0f', '0x87']"
,,,,,,,,,,--
25.95 seconds,Node 1,Host Frame,--,COMMAND_status_get,STATUS_Success,data[0]: 00000000 ,data[1]: 00000000 ,data[2]: 00000000 ,,"['0x01', '0x00', '0x00', '0x00', '0x00', '0x00', '0x00', '0x00', '0x00', '0x00', '0x00', '0x00', '0x00', '0x00', '0x00', '0x00', '0x3d', '0x7e']"
,,,,,,,,,,--
25.97 seconds,Host Frame,Node 2,--,COMMAND_status_get,--,arg[0]: 00000000 ,arg[1]: 00000000 ,arg[2]: 00000000 ,Host Frame sent status_get  command to Node  with no arguments.,"['0xc3', '0xaa', '0x00', '0x00', '0x01', '0x00', '0x00', '0x00', '0x00', '0x00', '0x00', '0x00', '0x00', '0x00', '0x00', '0x00', '0x00', '0x00', '0x00', '0x02', '0x00', '0x00', '0x00', '0x00', '0x00', '0x00', '0x00', '0x00', '0x00', '0x00', '0x00', '0x00', '0x00', '0x00', '0x03', '0x00', '0x00', '0x00', '0x00', '0x00', '0x00', '0x00', '0x00', '0x00', '0x00', '0x00', '0x00', '0x00', '0x00', '0x04', '0x00', '0x00', '0x00', '0x00', '0x00', '0x00', '0x00', '0x00', '0x00', '0x00', '0x00', '0x00', '0x00', '0x00', '0x05', '0x00', '0x00', '0x00', '0x00', '0x00', '0x00', '0x00', '0x00', '0x00', '0x00', '0x00', '0x00', '0x00', '0x00', '0x06', '0x00', '0x00', '0x00', '0x00', '0x00', '0x00', '0x00', '0x00', '0x00', '0x00', '0x00', '0x00', '0x00', '0x00', '0x07', '0x00', '0x00', '0x00', '0x00', '0x00', '0x00', '0x00', '0x00', '0x00', '0x00', '0x00', '0x00', '0x00', '0x00', '0x0f', '0x87']"
,,,,,,,,,,--
25.99 seconds,Node 2,Host Frame,--,COMMAND_status_get,STATUS_Success,data[0]: 00000000 ,data[1]: 00000000 ,data[2]: 00000000 ,,"['0x02', '0x00', '0x00', '0x00', '0x00', '0x00', '0x00', '0x00', '0x00', '0x00', '0x00', '0x00', '0x00', '0x00', '0x00', '0x00', '0x70', '0x96']"
,,,,,,,,,,--
26.01 seconds,Host Frame,Node 3,--,COMMAND_status_get,--,arg[0]: 00000000 ,arg[1]: 00000000 ,arg[2]: 00000000 ,Host Frame sent status_get  command to Node  with no arguments.,"['0xc3', '0xaa', '0x00', '0x00', '0x01', '0x00', '0x00', '0x00', '0x00', '0x00', '0x00', '0x00', '0x00', '0x00', '0x00', '0x00', '0x00', '0x00', '0x00', '0x02', '0x00', '0x00', '0x00', '0x00', '0x00', '0x00', '0x00', '0x00', '0x00', '0x00', '0x00', '0x00', '0x00', '0x00', '0x03', '0x00', '0x00', '0x00', '0x00', '0x00', '0x00', '0x00', '0x00', '0x00', '0x00', '0x00', '0x00', '0x00', '0x00', '0x04', '0x00', '0x00', '0x00', '0x00', '0x00', '0x00', '0x00', '0x00', '0x00', '0x00', '0x00', '0x00', '0x00', '0x00', '0x05', '0x00', '0x00', '0x00', '0x00', '0x00', '0x00', '0x00', '0x00', '0x00', '0x00', '0x00', '0x00', '0x00', '0x00', '0x06', '0x00', '0x00', '0x00', '0x00', '0x00', '0x00', '0x00', '0x00', '0x00', '0x00', '0x00', '0x00', '0x00', '0x00', '0x07', '0x00', '0x00', '0x00', '0x00', '0x00', '0x00', '0x00', '0x00', '0x00', '0x00', '0x00', '0x00', '0x00', '0x00', '0x0f', '0x87']"
,,,,,,,,,,--
26.02 seconds,Node 0,Host Frame,--,COMMAND_status_get,STATUS_Success,data[0]: 00000000 ,data[1]: 00000000 ,data[2]: 00000000 ,,"['0x00', '0x00', '0x00', '0x00', '0x00', '0x00', '0x00', '0x00', '0x00', '0x00', '0x00', '0x00', '0x00', '0x00', '0x00', '0x00', '0x00', '0x00']"
,,,,,,,,,,--
26.46 seconds,Host Frame,Node 4,--,COMMAND_status_get,--,arg[0]: 00000000 ,arg[1]: 00000000 ,arg[2]: 00000000 ,Host Frame sent status_get  command to Node  with no arguments.,"['0xc3', '0xaa', '0x00', '0x00', '0x01', '0x00', '0x00', '0x00', '0x00', '0x00', '0x00', '0x00', '0x00', '0x00', '0x00', '0x00', '0x00', '0x00', '0x00', '0x02', '0x00', '0x00', '0x00', '0x00', '0x00', '0x00', '0x00', '0x00', '0x00', '0x00', '0x00', '0x00', '0x00', '0x00', '0x03', '0x00', '0x00', '0x00', '0x00', '0x00', '0x00', '0x00', '0x00', '0x00', '0x00', '0x00', '0x00', '0x00', '0x00', '0x04', '0x00', '0x00', '0x00', '0x00', '0x00', '0x00', '0x00', '0x00', '0x00', '0x00', '0x00', '0x00', '0x00', '0x00', '0x05', '0x00', '0x00', '0x00', '0x00', '0x00', '0x00', '0x00', '0x00', '0x00', '0x00', '0x00', '0x00', '0x00', '0x00', '0x06', '0x00', '0x00', '0x00', '0x00', '0x00', '0x00', '0x00', '0x00', '0x00', '0x00', '0x00', '0x00', '0x00', '0x00', '0x07', '0x00', '0x00', '0x00', '0x00', '0x00', '0x00', '0x00', '0x00', '0x00', '0x00', '0x00', '0x00', '0x00', '0x00', '0x0f', '0x87']"
,,,,,,,,,,--
26.51 seconds,Node 0,Host Frame,--,COMMAND_status_get,STATUS_Success,data[0]: 00000000 ,data[1]: 00000000 ,data[2]: 00000000 ,,"['0x00', '0x00', '0x00', '0x00', '0x00', '0x00', '0x00', '0x00', '0x00', '0x00', '0x00', '0x00', '0x00', '0x00', '0x00', '0x00', '0x00', '0x00']"
,,,,,,,,,,--
26.53 seconds,Host Frame,Node 5,--,COMMAND_status_get,--,arg[0]: 00000000 ,arg[1]: 00000000 ,arg[2]: 00000000 ,Host Frame sent status_get  command to Node  with no arguments.,"['0xc3', '0xaa', '0x00', '0x00', '0x01', '0x00', '0x00', '0x00', '0x00', '0x00', '0x00', '0x00', '0x00', '0x00', '0x00', '0x00', '0x00', '0x00', '0x00', '0x02', '0x00', '0x00', '0x00', '0x00', '0x00', '0x00', '0x00', '0x00', '0x00', '0x00', '0x00', '0x00', '0x00', '0x00', '0x03', '0x00', '0x00', '0x00', '0x00', '0x00', '0x00', '0x00', '0x00', '0x00', '0x00', '0x00', '0x00', '0x00', '0x00', '0x04', '0x00', '0x00', '0x00', '0x00', '0x00', '0x00', '0x00', '0x00', '0x00', '0x00', '0x00', '0x00', '0x00', '0x00', '0x05', '0x00', '0x00', '0x00', '0x00', '0x00', '0x00', '0x00', '0x00', '0x00', '0x00', '0x00', '0x00', '0x00', '0x00', '0x06', '0x00', '0x00', '0x00', '0x00', '0x00', '0x00', '0x00', '0x00', '0x00', '0x00', '0x00', '0x00', '0x00', '0x00', '0x07', '0x00', '0x00', '0x00', '0x00', '0x00', '0x00', '0x00', '0x00', '0x00', '0x00', '0x00', '0x00', '0x00', '0x00', '0x0f', '0x87']"
,,,,,,,,,,--
26.55 seconds,Host Frame,Node 1,--,COMMAND_status_get,--,arg[0]: 00000000 ,arg[1]: 00000000 ,arg[2]: 00000000 ,Host Frame sent status_get  command to Node  with no arguments.,"['0xc3', '0xaa', '0x00', '0x00', '0x01', '0x00', '0x00', '0x00', '0x00', '0x00', '0x00', '0x00', '0x00', '0x00', '0x00', '0x00', '0x00', '0x00', '0x00', '0x02', '0x00', '0x00', '0x00', '0x00', '0x00', '0x00', '0x00', '0x00', '0x00', '0x00', '0x00', '0x00', '0x00', '0x00', '0x03', '0x00', '0x00', '0x00', '0x00', '0x00', '0x00', '0x00', '0x00', '0x00', '0x00', '0x00', '0x00', '0x00', '0x00', '0x04', '0x00', '0x00', '0x00', '0x00', '0x00', '0x00', '0x00', '0x00', '0x00', '0x00', '0x00', '0x00', '0x00', '0x00', '0x05', '0x00', '0x00', '0x00', '0x00', '0x00', '0x00', '0x00', '0x00', '0x00', '0x00', '0x00', '0x00', '0x00', '0x00', '0x06', '0x00', '0x00', '0x00', '0x00', '0x00', '0x00', '0x00', '0x00', '0x00', '0x00', '0x00', '0x00', '0x00', '0x00', '0x07', '0x00', '0x00', '0x00', '0x00', '0x00', '0x00', '0x00', '0x00', '0x00', '0x00', '0x00', '0x00', '0x00', '0x00', '0x0f', '0x87']"
,,,,,,,,,,--
26.56 seconds,Node 1,Host Frame,--,COMMAND_status_get,STATUS_Success,data[0]: 00000000 ,data[1]: 00000000 ,data[2]: 00000000 ,,"['0x01', '0x00', '0x00', '0x00', '0x00', '0x00', '0x00', '0x00', '0x00', '0x00', '0x00', '0x00', '0x00', '0x00', '0x00', '0x00', '0x3d', '0x7e']"
,,,,,,,,,,--
26.59 seconds,Host Frame,Node 2,--,COMMAND_status_get,--,arg[0]: 00000000 ,arg[1]: 00000000 ,arg[2]: 00000000 ,Host Frame sent status_get  command to Node  with no arguments.,"['0xc3', '0xaa', '0x00', '0x00', '0x01', '0x00', '0x00', '0x00', '0x00', '0x00', '0x00', '0x00', '0x00', '0x00', '0x00', '0x00', '0x00', '0x00', '0x00', '0x02', '0x00', '0x00', '0x00', '0x00', '0x00', '0x00', '0x00', '0x00', '0x00', '0x00', '0x00', '0x00', '0x00', '0x00', '0x03', '0x00', '0x00', '0x00', '0x00', '0x00', '0x00', '0x00', '0x00', '0x00', '0x00', '0x00', '0x00', '0x00', '0x00', '0x04', '0x00', '0x00', '0x00', '0x00', '0x00', '0x00', '0x00', '0x00', '0x00', '0x00', '0x00', '0x00', '0x00', '0x00', '0x05', '0x00', '0x00', '0x00', '0x00', '0x00', '0x00', '0x00', '0x00', '0x00', '0x00', '0x00', '0x00', '0x00', '0x00', '0x06', '0x00', '0x00', '0x00', '0x00', '0x00', '0x00', '0x00', '0x00', '0x00', '0x00', '0x00', '0x00', '0x00', '0x00', '0x07', '0x00', '0x00', '0x00', '0x00', '0x00', '0x00', '0x00', '0x00', '0x00', '0x00', '0x00', '0x00', '0x00', '0x00', '0x0f', '0x87']"
,,,,,,,,,,--
26.61 seconds,Node 2,Host Frame,--,COMMAND_status_get,STATUS_Success,data[0]: 00000000 ,data[1]: 00000000 ,data[2]: 00000000 ,,"['0x02', '0x00', '0x00', '0x00', '0x00', '0x00', '0x00', '0x00', '0x00', '0x00', '0x00', '0x00', '0x00', '0x00', '0x00', '0x00', '0x70', '0x96']"
,,,,,,,,,,--
26.63 seconds,Host Frame,Node 3,--,COMMAND_status_get,--,arg[0]: 00000000 ,arg[1]: 00000000 ,arg[2]: 00000000 ,Host Frame sent status_get  command to Node  with no arguments.,"['0xc3', '0xaa', '0x00', '0x00', '0x01', '0x00', '0x00', '0x00', '0x00', '0x00', '0x00', '0x00', '0x00', '0x00', '0x00', '0x00', '0x00', '0x00', '0x00', '0x02', '0x00', '0x00', '0x00', '0x00', '0x00', '0x00', '0x00', '0x00', '0x00', '0x00', '0x00', '0x00', '0x00', '0x00', '0x03', '0x00', '0x00', '0x00', '0x00', '0x00', '0x00', '0x00', '0x00', '0x00', '0x00', '0x00', '0x00', '0x00', '0x00', '0x04', '0x00', '0x00', '0x00', '0x00', '0x00', '0x00', '0x00', '0x00', '0x00', '0x00', '0x00', '0x00', '0x00', '0x00', '0x05', '0x00', '0x00', '0x00', '0x00', '0x00', '0x00', '0x00', '0x00', '0x00', '0x00', '0x00', '0x00', '0x00', '0x00', '0x06', '0x00', '0x00', '0x00', '0x00', '0x00', '0x00', '0x00', '0x00', '0x00', '0x00', '0x00', '0x00', '0x00', '0x00', '0x07', '0x00', '0x00', '0x00', '0x00', '0x00', '0x00', '0x00', '0x00', '0x00', '0x00', '0x00', '0x00', '0x00', '0x00', '0x0f', '0x87']"
,,,,,,,,,,--
26.65 seconds,Node 0,Host Frame,--,COMMAND_status_get,STATUS_Success,data[0]: 00000000 ,data[1]: 00000000 ,data[2]: 00000000 ,,"['0x00', '0x00', '0x00', '0x00', '0x00', '0x00', '0x00', '0x00', '0x00', '0x00', '0x00', '0x00', '0x00', '0x00', '0x00', '0x00', '0x00', '0x00']"
,,,,,,,,,,--
26.67 seconds,Host Frame,Node 4,--,COMMAND_status_get,--,arg[0]: 00000000 ,arg[1]: 00000000 ,arg[2]: 00000000 ,Host Frame sent status_get  command to Node  with no arguments.,"['0xc3', '0xaa', '0x00', '0x00', '0x01', '0x00', '0x00', '0x00', '0x00', '0x00', '0x00', '0x00', '0x00', '0x00', '0x00', '0x00', '0x00', '0x00', '0x00', '0x02', '0x00', '0x00', '0x00', '0x00', '0x00', '0x00', '0x00', '0x00', '0x00', '0x00', '0x00', '0x00', '0x00', '0x00', '0x03', '0x00', '0x00', '0x00', '0x00', '0x00', '0x00', '0x00', '0x00', '0x00', '0x00', '0x00', '0x00', '0x00', '0x00', '0x04', '0x00', '0x00', '0x00', '0x00', '0x00', '0x00', '0x00', '0x00', '0x00', '0x00', '0x00', '0x00', '0x00', '0x00', '0x05', '0x00', '0x00', '0x00', '0x00', '0x00', '0x00', '0x00', '0x00', '0x00', '0x00', '0x00', '0x00', '0x00', '0x00', '0x06', '0x00', '0x00', '0x00', '0x00', '0x00', '0x00', '0x00', '0x00', '0x00', '0x00', '0x00', '0x00', '0x00', '0x00', '0x07', '0x00', '0x00', '0x00', '0x00', '0x00', '0x00', '0x00', '0x00', '0x00', '0x00', '0x00', '0x00', '0x00', '0x00', '0x0f', '0x87']"
,,,,,,,,,,--
26.69 seconds,Node 0,Host Frame,--,COMMAND_status_get,STATUS_Success,data[0]: 00000000 ,data[1]: 00000000 ,data[2]: 00000000 ,,"['0x00', '0x00', '0x00', '0x00', '0x00', '0x00', '0x00', '0x00', '0x00', '0x00', '0x00', '0x00', '0x00', '0x00', '0x00', '0x00', '0x00', '0x00']"
,,,,,,,,,,--
26.71 seconds,Host Frame,Node 5,--,COMMAND_status_get,--,arg[0]: 00000000 ,arg[1]: 00000000 ,arg[2]: 00000000 ,Host Frame sent status_get  command to Node  with no arguments.,"['0xc3', '0xaa', '0x00', '0x00', '0x01', '0x00', '0x00', '0x00', '0x00', '0x00', '0x00', '0x00', '0x00', '0x00', '0x00', '0x00', '0x00', '0x00', '0x00', '0x02', '0x00', '0x00', '0x00', '0x00', '0x00', '0x00', '0x00', '0x00', '0x00', '0x00', '0x00', '0x00', '0x00', '0x00', '0x03', '0x00', '0x00', '0x00', '0x00', '0x00', '0x00', '0x00', '0x00', '0x00', '0x00', '0x00', '0x00', '0x00', '0x00', '0x04', '0x00', '0x00', '0x00', '0x00', '0x00', '0x00', '0x00', '0x00', '0x00', '0x00', '0x00', '0x00', '0x00', '0x00', '0x05', '0x00', '0x00', '0x00', '0x00', '0x00', '0x00', '0x00', '0x00', '0x00', '0x00', '0x00', '0x00', '0x00', '0x00', '0x06', '0x00', '0x00', '0x00', '0x00', '0x00', '0x00', '0x00', '0x00', '0x00', '0x00', '0x00', '0x00', '0x00', '0x00', '0x07', '0x00', '0x00', '0x00', '0x00', '0x00', '0x00', '0x00', '0x00', '0x00', '0x00', '0x00', '0x00', '0x00', '0x00', '0x0f', '0x87']"
,,,,,,,,,,--
